codigo,tipo_de_imovel,titulo_do_imovel,area_interna(m²),numero_de_quartos,numero_de_suites,numero_de_banhos,numero_de_vagas,bairro_do_imovel,cidade,estado,latitude,longitude,valor_do_imovel,valor_numerico_imovel,codigo_finalidade,data_hora_cadastro,link_imovel
7768,Apartamento,"Apartamento para alugar, Torre - Recife/PE","27,00",1,0,1,1,Torre,Recife,PE,-8.0470764,-34.9091187,"R$ 3.200,00",3200,1,2026-06-11 18:22:13,https://www.ctiimobiliaria.com.br/imovel/apartamento-para-alugar-torre-recife-pe/7768
7009,Apartamento,"Apartamento para alugar, Jardim São Paulo - Recife/PE","50,00",2,1,2,1,Jardim São Paulo,Recife,PE,-8.0892119,-34.9507925,"R$ 1.900,00",1900,1,2025-08-16 11:28:00,https://www.ctiimobiliaria.com.br/imovel/apartamento-para-alugar-jardim-sao-paulo-recife-pe/7009
7833,Apartamento,"Apartamento para alugar, Várzea - Recife/PE","25,00",1,0,1,1,Várzea,Recife,PE,-8.0409473,-34.9450782,"R$ 1.720,00",1720,1,2026-07-13 09:43:15,https://www.ctiimobiliaria.com.br/imovel/apartamento-para-alugar-varzea-recife-pe/7833
7828,Apartamento,"Apartamento para alugar, Iputinga - Recife/PE","78,00",3,1,3,1,Iputinga,Recife,PE,-8.0416976,-34.9412089,"R$ 1.600,00",1600,1,2026-07-10 17:29:58,https://www.ctiimobiliaria.com.br/imovel/apartamento-para-alugar-iputinga-recife-pe/7828
7832,Apartamento,"Apartamento para alugar, Madalena - Recife/PE","51,00",2,1,2,1,Madalena,Recife,PE,-8.0567694,-34.9079803,"R$ 4.000,00",4000,1,2026-07-10 18:16:52,https://www.ctiimobiliaria.com.br/imovel/apartamento-para-alugar-madalena-recife-pe/7832
7790,Apartamento,"Apartamento para alugar, Rosarinho - Recife/PE","60,00",3,1,2,1,Rosarinho,Recife,PE,-8.0289611,-34.8931630,"R$ 3.300,00",3300,1,2026-06-18 18:17:04,https://www.ctiimobiliaria.com.br/imovel/apartamento-para-alugar-rosarinho-recife-pe/7790
1231,Casa,"Casa para alugar, Caxangá - Recife/PE","120,00",2,1,2,1,Caxangá,Recife,PE,-8.0323756,-34.9530826,"R$ 2.500,00",2500,1,2022-12-12 08:24:17,https://www.ctiimobiliaria.com.br/imovel/casa-para-alugar-caxanga-recife-pe/1231
7819,Apartamento,"Apartamento para alugar, Boa Viagem - Recife/PE","87,00",3,1,3,2,Boa Viagem,Recife,PE,-8.1363313,-34.9054079,"R$ 5.100,00",5100,1,2026-07-07 17:45:26,https://www.ctiimobiliaria.com.br/imovel/apartamento-para-alugar-boa-viagem-recife-pe/7819
6951,Apartamento,"Apartamento para alugar, Boa Vista - Recife/PE","30,00",1,1,1,1,Boa Vista,Recife,PE,-8.0545699,-34.8961980,"R$ 2.800,00",2800,1,2025-07-22 14:49:01,https://www.ctiimobiliaria.com.br/imovel/apartamento-para-alugar-boa-vista-recife-pe/6951
7796,Casa,"Casa para alugar, Iputinga - Recife/PE","80,00",3,1,2,2,Iputinga,Recife,PE,-8.0424881,-34.9275553,"R$ 2.200,00",2200,1,2026-06-25 09:56:54,https://www.ctiimobiliaria.com.br/imovel/casa-para-alugar-iputinga-recife-pe/7796
6882,Apartamento,"Apartamento para alugar, Graças - Recife/PE","80,00",2,0,2,1,Graças,Recife,PE,-8.0493460,-34.8992704,"R$ 1.850,00",1850,1,2025-06-26 15:41:01,https://www.ctiimobiliaria.com.br/imovel/apartamento-para-alugar-gracas-recife-pe/6882
934,Apartamento,"Apartamento para alugar, Iputinga - Recife/PE","70,00",2,0,1,1,Iputinga,Recife,PE,-8.0458081,-34.9418657,"R$ 1.500,00",1500,1,2022-12-12 08:23:24,https://www.ctiimobiliaria.com.br/imovel/apartamento-para-alugar-iputinga-recife-pe/934
7694,Apartamento,"Apartamento para alugar, Madalena - Recife/PE","146,00",3,1,2,2,Madalena,Recife,PE,-8.0566290,-34.9045258,"R$ 7.500,00",7500,1,2026-05-21 10:40:59,https://www.ctiimobiliaria.com.br/imovel/apartamento-para-alugar-madalena-recife-pe/7694
7804,Apartamento,"Apartamento para alugar, Iputinga - Recife/PE","70,00",3,0,2,1,Iputinga,Recife,PE,-8.0451854,-34.9364709,"R$ 1.600,00",1600,1,2026-06-30 10:33:43,https://www.ctiimobiliaria.com.br/imovel/apartamento-para-alugar-iputinga-recife-pe/7804
5220,Apartamento,"Apartamento para alugar, Cordeiro - Recife/PE","40,00",2,1,2,1,Cordeiro,Recife,PE,-8.0502833,-34.9282558,"R$ 2.400,00",2400,1,2024-06-20 11:29:29,https://www.ctiimobiliaria.com.br/imovel/apartamento-para-alugar-cordeiro-recife-pe/5220
7770,Apartamento,"Apartamento para alugar, Santana - Recife/PE","75,00",2,0,2,1,Santana,Recife,PE,-8.0389470,-34.9155570,"R$ 2.000,00",2000,1,2026-06-12 09:42:43,https://www.ctiimobiliaria.com.br/imovel/apartamento-para-alugar-santana-recife-pe/7770
7780,Apartamento,"Apartamento para alugar, Várzea - Recife/PE","48,00",2,0,1,1,Várzea,Recife,PE,-8.0433406,-34.9590600,"R$ 2.225,00",2225,1,2026-06-17 08:48:43,https://www.ctiimobiliaria.com.br/imovel/apartamento-para-alugar-varzea-recife-pe/7780
7219,Terreno,"Terreno para alugar, Iputinga - Recife/PE","480,00",0,0,0,0,Iputinga,Recife,PE,-8.0436274,-34.9361464,"R$ 1.200,00",1200,1,2025-10-10 17:16:57,https://www.ctiimobiliaria.com.br/imovel/terreno-para-alugar-iputinga-recife-pe/7219
890,Apartamento,"Apartamento para alugar, Cordeiro - Recife/PE","70,00",3,0,2,1,Cordeiro,Recife,PE,-8.0520242,-34.9287372,"R$ 1.900,00",1900,1,2022-12-12 08:23:16,https://www.ctiimobiliaria.com.br/imovel/apartamento-para-alugar-cordeiro-recife-pe/890
7691,Apartamento,"Apartamento para alugar, Espinheiro - Recife/PE","65,00",3,1,2,1,Espinheiro,Recife,PE,-8.0432764,-34.8911951,"R$ 3.600,00",3600,1,2026-05-15 10:39:22,https://www.ctiimobiliaria.com.br/imovel/apartamento-para-alugar-espinheiro-recife-pe/7691
7732,Apartamento,"Apartamento para alugar, Imbiribeira - Recife/PE","197,00",3,3,4,1,Imbiribeira,Recife,PE,-8.0907574,-34.9160969,"R$ 3.800,00",3800,1,2026-06-02 17:56:47,https://www.ctiimobiliaria.com.br/imovel/apartamento-para-alugar-imbiribeira-recife-pe/7732
788,Sala,"Sala para alugar, Cordeiro - Recife/PE","100,00",0,0,2,1,Cordeiro,Recife,PE,-8.0532108,-34.9284588,"R$ 1.600,00",1600,1,2022-12-12 08:22:59,https://www.ctiimobiliaria.com.br/imovel/sala-para-alugar-cordeiro-recife-pe/788
7679,Apartamento,"Apartamento para alugar, Torre - Recife/PE","77,00",3,1,3,2,Torre,Recife,PE,-8.0470764,-34.9091187,"R$ 4.560,00",4560,1,2026-05-11 17:34:27,https://www.ctiimobiliaria.com.br/imovel/apartamento-para-alugar-torre-recife-pe/7679
7382,Casa,"Casa para alugar, Iputinga - Recife/PE","200,00",3,1,3,2,Iputinga,Recife,PE,-8.0403425,-34.9364289,"R$ 3.300,00",3300,1,2025-12-26 13:56:43,https://www.ctiimobiliaria.com.br/imovel/casa-para-alugar-iputinga-recife-pe/7382
7788,Apartamento,"Apartamento para alugar, Várzea - Recife/PE","25,00",1,0,1,1,Várzea,Recife,PE,-8.0409473,-34.9450782,"R$ 1.720,00",1720,1,2026-06-18 00:06:24,https://www.ctiimobiliaria.com.br/imovel/apartamento-para-alugar-varzea-recife-pe/7788
7789,Apartamento,"Apartamento para alugar, Várzea - Recife/PE","25,00",1,0,1,1,Várzea,Recife,PE,-8.0409473,-34.9450782,"R$ 1.720,00",1720,1,2026-06-18 00:09:59,https://www.ctiimobiliaria.com.br/imovel/apartamento-para-alugar-varzea-recife-pe/7789
5462,Loja,"Loja para alugar, Tabatinga - Camaragibe/PE","20,00",0,0,0,0,Tabatinga,Camaragibe,PE,-7.9993112,-34.9775719,"R$ 950,00",950,1,2024-08-13 16:51:50,https://www.ctiimobiliaria.com.br/imovel/loja-para-alugar-tabatinga-camaragibe-pe/5462
5461,Loja,"Loja para alugar, Tabatinga - Camaragibe/PE","20,00",0,0,0,0,Tabatinga,Camaragibe,PE,-7.9993112,-34.9775719,"R$ 950,00",950,1,2024-08-13 16:51:50,https://www.ctiimobiliaria.com.br/imovel/loja-para-alugar-tabatinga-camaragibe-pe/5461
7610,Loja,"Loja para alugar, Praia de Carneiros - Tamandaré/PE","120,00",0,0,0,0,Praia de Carneiros,Tamandaré,PE,-8.7316439,-35.0957899,"R$ 8.600,00",8600,1,2026-04-10 11:39:10,https://www.ctiimobiliaria.com.br/imovel/loja-para-alugar-praia-de-carneiros-tamandare-pe/7610
7608,Loja,"Loja para alugar, Praia de Carneiros - Tamandaré/PE","60,00",0,0,0,0,Praia de Carneiros,Tamandaré,PE,-8.7316439,-35.0957899,"R$ 4.300,00",4300,1,2026-04-10 09:20:01,https://www.ctiimobiliaria.com.br/imovel/loja-para-alugar-praia-de-carneiros-tamandare-pe/7608
7611,Loja,"Loja para alugar, Praia de Carneiros - Tamandaré/PE","180,00",0,0,0,0,Praia de Carneiros,Tamandaré,PE,-8.7316439,-35.0957899,"R$ 12.900,00",12900,1,2026-04-10 11:44:29,https://www.ctiimobiliaria.com.br/imovel/loja-para-alugar-praia-de-carneiros-tamandare-pe/7611
7779,Casa,"Casa para alugar, Campo Grande - Recife/PE","340,00",7,1,5,5,Campo Grande,Recife,PE,-8.0265232,-34.8760293,"R$ 8.000,00",8000,1,2026-06-16 11:02:58,https://www.ctiimobiliaria.com.br/imovel/casa-para-alugar-campo-grande-recife-pe/7779
3197,Apartamento,"Apartamento para alugar, Iputinga - Recife/PE","25,00",1,0,1,0,Iputinga,Recife,PE,-8.0411022,-34.9335409,"R$ 750,00",750,1,2023-03-29 17:40:04,https://www.ctiimobiliaria.com.br/imovel/apartamento-para-alugar-iputinga-recife-pe/3197
5699,Apartamento,"Apartamento para alugar, Afogados - Recife/PE","70,00",2,0,1,1,Afogados,Recife,PE,-7.9588496,-35.0253938,"R$ 1.000,00",1000,1,2024-10-10 17:47:37,https://www.ctiimobiliaria.com.br/imovel/apartamento-para-alugar-afogados-recife-pe/5699
1006,Apartamento,"Apartamento para alugar, Cordeiro - Recife/PE","70,00",2,1,3,1,Cordeiro,Recife,PE,-8.0473435,-34.9215338,"R$ 1.700,00",1700,1,2022-12-12 08:23:37,https://www.ctiimobiliaria.com.br/imovel/apartamento-para-alugar-cordeiro-recife-pe/1006
181,Apartamento,"Apartamento para alugar, Cordeiro - Recife/PE","60,00",2,1,2,1,Cordeiro,Recife,PE,-8.0487185,-34.9275098,"R$ 2.300,00",2300,1,2022-12-12 08:21:14,https://www.ctiimobiliaria.com.br/imovel/apartamento-para-alugar-cordeiro-recife-pe/181
785,Casa,"Casa para alugar, Cordeiro - Recife/PE","200,00",6,1,4,4,Cordeiro,Recife,PE,-8.0440659,-34.9294065,"R$ 4.500,00",4500,1,2022-12-12 08:22:59,https://www.ctiimobiliaria.com.br/imovel/casa-para-alugar-cordeiro-recife-pe/785
1168,Sala,"Sala para alugar, Tamarineira - Recife/PE","29,00",0,0,1,1,Tamarineira,Recife,PE,-8.0331474,-34.9046508,"R$ 1.600,00",1600,1,2022-12-12 08:24:07,https://www.ctiimobiliaria.com.br/imovel/sala-para-alugar-tamarineira-recife-pe/1168
7640,Sala,"Sala para alugar, Espinheiro - Recife/PE","35,00",0,0,2,0,Espinheiro,Recife,PE,-8.0437932,-34.8967908,"R$ 1.500,00",1500,1,2026-04-20 16:44:55,https://www.ctiimobiliaria.com.br/imovel/sala-para-alugar-espinheiro-recife-pe/7640
7682,Apartamento,"Apartamento para alugar, Ilha do Leite - Recife/PE","39,00",1,1,2,1,Ilha do Leite,Recife,PE,-8.0626100,-34.8967918,"R$ 3.300,00",3300,1,2026-05-12 09:44:08,https://www.ctiimobiliaria.com.br/imovel/apartamento-para-alugar-ilha-do-leite-recife-pe/7682
7583,Prédio,"Prédio para alugar, Cordeiro - Recife/PE","540,00",0,0,2,0,Cordeiro,Recife,PE,-8.0485961,-34.9277568,"R$ 9.000,00",9000,1,2026-03-24 15:32:59,https://www.ctiimobiliaria.com.br/imovel/predio-para-alugar-cordeiro-recife-pe/7583
5047,Galpão,"Galpão para alugar, Cordeiro - Recife/PE","540,00",0,0,0,0,Cordeiro,Recife,PE,-8.0485961,-34.9277568,"R$ 9.000,00",9000,1,2024-05-06 15:58:30,https://www.ctiimobiliaria.com.br/imovel/galpao-para-alugar-cordeiro-recife-pe/5047
7712,Terreno,"Terreno para alugar, Cordeiro - Recife/PE","215,00",0,0,0,0,Cordeiro,Recife,PE,-8.0531219,-34.9346735,"R$ 2.500,00",2500,1,2026-05-26 18:53:16,https://www.ctiimobiliaria.com.br/imovel/terreno-para-alugar-cordeiro-recife-pe/7712
833,Sala,"Sala para alugar, Casa Amarela - Recife/PE","10,00",0,0,1,0,Casa Amarela,Recife,PE,-8.0263277,-34.9136819,"R$ 330,00",330,1,2022-12-12 08:23:06,https://www.ctiimobiliaria.com.br/imovel/sala-para-alugar-casa-amarela-recife-pe/833
816,Apartamento,"Apartamento para alugar, Várzea - Recife/PE","48,00",2,0,1,1,Várzea,Recife,PE,-8.0478267,-34.9613207,"R$ 1.600,00",1600,1,2022-12-12 08:23:03,https://www.ctiimobiliaria.com.br/imovel/apartamento-para-alugar-varzea-recife-pe/816
7688,Galpão,"Galpão para alugar, Imbiribeira - Recife/PE","300,00",0,0,0,3,Imbiribeira,Recife,PE,-8.0947298,-34.9109533,"R$ 8.000,00",8000,1,2026-05-14 16:50:23,https://www.ctiimobiliaria.com.br/imovel/galpao-para-alugar-imbiribeira-recife-pe/7688
7685,Apartamento,"Apartamento para alugar, Várzea - Recife/PE","25,00",1,0,1,1,Várzea,Recife,PE,-8.0409473,-34.9450782,"R$ 1.720,00",1720,1,2026-05-13 12:49:46,https://www.ctiimobiliaria.com.br/imovel/apartamento-para-alugar-varzea-recife-pe/7685
7684,Galpão,"Galpão para alugar, Cordeiro - Recife/PE","500,00",0,0,0,0,Cordeiro,Recife,PE,-8.0459224,-34.9190421,"R$ 10.000,00",10000,1,2026-05-13 10:17:58,https://www.ctiimobiliaria.com.br/imovel/galpao-para-alugar-cordeiro-recife-pe/7684
7670,Apartamento,"Apartamento para alugar, Boa Vista - Recife/PE","36,61",1,0,1,0,Boa Vista,Recife,PE,-8.0640354,-34.8841209,"R$ 1.160,00",1160,1,2026-05-05 17:07:15,https://www.ctiimobiliaria.com.br/imovel/apartamento-para-alugar-boa-vista-recife-pe/7670
5706,Casa,"Casa para alugar, Engenho do Meio - Recife/PE","110,00",3,1,2,3,Engenho do Meio,Recife,PE,-8.0512560,-34.9412842,"R$ 3.500,00",3500,1,2024-10-15 10:14:14,https://www.ctiimobiliaria.com.br/imovel/casa-para-alugar-engenho-do-meio-recife-pe/5706
7429,Galpão,"Galpão para alugar, Macaxeira - Recife/PE","1612,00",0,0,0,15,Macaxeira,Recife,PE,-8.0110741,-34.9347625,"R$ 25.000,00",25000,1,2026-01-28 13:20:55,https://www.ctiimobiliaria.com.br/imovel/galpao-para-alugar-macaxeira-recife-pe/7429
7457,Prédio,"Prédio para alugar, Macaxeira - Recife/PE","0,01",0,0,0,15,Macaxeira,Recife,PE,-8.0110741,-34.9347625,"R$ 25.000,00",25000,1,2026-02-09 16:09:10,https://www.ctiimobiliaria.com.br/imovel/predio-para-alugar-macaxeira-recife-pe/7457
7508,Apartamento,"Apartamento para alugar, Madalena - Recife/PE","33,00",1,0,1,1,Madalena,Recife,PE,-8.0518082,-34.9049782,"R$ 2.150,00",2150,1,2026-03-13 14:59:55,https://www.ctiimobiliaria.com.br/imovel/apartamento-para-alugar-madalena-recife-pe/7508
7509,Flat,"Flat para alugar, Madalena - Recife/PE","33,00",1,0,1,1,Madalena,Recife,PE,-8.0518082,-34.9049782,"R$ 2.150,00",2150,1,2026-03-13 15:07:15,https://www.ctiimobiliaria.com.br/imovel/flat-para-alugar-madalena-recife-pe/7509
7502,Loja,"Loja para alugar, Santo Antônio - Recife/PE","830,00",0,0,0,0,Santo Antônio,Recife,PE,-8.0650788,-34.8794327,"R$ 10.000,00",10000,1,2026-03-11 16:50:15,https://www.ctiimobiliaria.com.br/imovel/loja-para-alugar-santo-antonio-recife-pe/7502
7503,Prédio,"Prédio para alugar, Santo Antônio - Recife/PE","0,01",0,0,0,0,Santo Antônio,Recife,PE,-8.0650788,-34.8794327,"R$ 10.000,00",10000,1,2026-03-11 16:56:43,https://www.ctiimobiliaria.com.br/imovel/predio-para-alugar-santo-antonio-recife-pe/7503
7237,Sala,"Sala para alugar, Boa Vista - Recife/PE","48,00",0,0,1,0,Boa Vista,Recife,PE,-8.0586860,-34.8910172,"R$ 1.000,00",1000,1,2025-10-17 11:34:49,https://www.ctiimobiliaria.com.br/imovel/sala-para-alugar-boa-vista-recife-pe/7237
7424,Loja,"Loja para alugar, Boa Vista - Recife/PE","44,00",0,0,1,0,Boa Vista,Recife,PE,-8.0614248,-34.8834375,"R$ 3.500,00",3500,1,2026-01-21 17:05:30,https://www.ctiimobiliaria.com.br/imovel/loja-para-alugar-boa-vista-recife-pe/7424
5885,Loja,"Loja para alugar, Cidade Universitária - Recife/PE","280,00",10,0,3,2,Cidade Universitária,Recife,PE,-8.0456419,-34.9481430,"R$ 7.500,00",7500,1,2024-12-05 12:20:39,https://www.ctiimobiliaria.com.br/imovel/loja-para-alugar-cidade-universitaria-recife-pe/5885
5692,Casa,"Casa para alugar, Várzea - Recife/PE","280,00",10,0,3,2,Várzea,Recife,PE,-8.0456419,-34.9481430,"R$ 7.500,00",7500,1,2024-10-09 10:28:29,https://www.ctiimobiliaria.com.br/imovel/casa-para-alugar-varzea-recife-pe/5692
3946,Sala,"Sala para alugar, Várzea - Recife/PE","11,00",0,0,0,1,Várzea,Recife,PE,-8.0390722,-34.9457958,"R$ 950,00",950,1,2023-09-14 14:33:15,https://www.ctiimobiliaria.com.br/imovel/sala-para-alugar-varzea-recife-pe/3946
7034,Loja,"Loja para alugar, Sitio Rosinha  - Tamandaré/PE","34,00",0,0,1,0,Sitio Rosinha ,Tamandaré,PE,-8.7508985,-35.0903837,"R$ 3.300,00",3300,1,2025-08-28 11:06:52,https://www.ctiimobiliaria.com.br/imovel/loja-para-alugar-sitio-rosinha-tamandare-pe/7034
6421,Loja,"Loja para alugar, Sitio Rosinha  - Tamandaré/PE","34,00",0,0,1,0,Sitio Rosinha ,Tamandaré,PE,-8.7508985,-35.0903837,"R$ 6.600,00",6600,1,2025-03-25 16:14:43,https://www.ctiimobiliaria.com.br/imovel/loja-para-alugar-sitio-rosinha-tamandare-pe/6421
5847,Loja,"Loja para alugar, Sitio Rosinha  - Tamandaré/PE","34,00",0,0,1,0,Sitio Rosinha ,Tamandaré,PE,-8.7508985,-35.0903837,"R$ 3.300,00",3300,1,2024-11-27 11:00:58,https://www.ctiimobiliaria.com.br/imovel/loja-para-alugar-sitio-rosinha-tamandare-pe/5847
3416,Terreno,"Terreno para alugar, Caxangá - Recife/PE","950,00",0,0,0,0,Caxangá,Recife,PE,-8.0416032,-34.9375262,"R$ 8.000,00",8000,1,2023-06-07 12:10:52,https://www.ctiimobiliaria.com.br/imovel/terreno-para-alugar-caxanga-recife-pe/3416
3414,Terreno,"Terreno para alugar, Iputinga - Recife/PE","950,00",0,0,0,0,Iputinga,Recife,PE,-8.0416032,-34.9375262,"R$ 8.000,00",8000,1,2023-06-06 18:42:24,https://www.ctiimobiliaria.com.br/imovel/terreno-para-alugar-iputinga-recife-pe/3414
1214,Casa,"Casa para alugar, Madalena - Recife/PE","640,00",3,0,2,4,Madalena,Recife,PE,-8.0558968,-34.9080510,"R$ 20.000,00",20000,1,2022-12-12 08:24:14,https://www.ctiimobiliaria.com.br/imovel/casa-para-alugar-madalena-recife-pe/1214
1213,Terreno,"Terreno para alugar, Madalena - Recife/PE","0,01",0,0,0,0,Madalena,Recife,PE,-8.0558968,-34.9080510,"R$ 20.000,00",20000,1,2022-12-12 08:24:14,https://www.ctiimobiliaria.com.br/imovel/terreno-para-alugar-madalena-recife-pe/1213
6631,Terreno,"Terreno para alugar, Cordeiro - Recife/PE","2484,00",0,0,0,10,Cordeiro,Recife,PE,-8.0442618,-34.9316681,"R$ 75.000,00",75000,1,2025-05-09 16:08:51,https://www.ctiimobiliaria.com.br/imovel/terreno-para-alugar-cordeiro-recife-pe/6631
6630,Terreno,"Terreno para alugar, Cordeiro - Recife/PE","1436,00",0,0,0,10,Cordeiro,Recife,PE,-8.0442618,-34.9316681,"R$ 43.080,00",43080,1,2025-05-09 15:56:47,https://www.ctiimobiliaria.com.br/imovel/terreno-para-alugar-cordeiro-recife-pe/6630
103,Sala,"Sala para alugar, Boa Viagem - Recife/PE","20,00",0,0,1,0,Boa Viagem,Recife,PE,-8.1240625,-34.9075420,"R$ 900,00",900,1,2022-12-12 08:20:59,https://www.ctiimobiliaria.com.br/imovel/sala-para-alugar-boa-viagem-recife-pe/103
